panel,id,kind,bundle_label,display_label,status,note
century_factors,v2x_polyarchy,protected_observed,Electoral democracy (ERT; computed where ERT missing),Electoral democracy (polyarchy),CODEBOOK,"V-Dem Codebook v15 TOC, verified 2026-10-03"
century_factors,F01,reflective_factor,Factor: v2caassemb / v2clpolcl / v2csrlgrep,Factor: v2caassemb / v2clpolcl / v2csrlgrep,FACTOR_PENDING,theoretical construct; name arrives with the Methods pass (v1 interpretive name suppressed)
century_factors,F02,reflective_factor,Factor: v2capolit / v2canonpol / v2catrauni,Factor: v2capolit / v2canonpol / v2catrauni,FACTOR_PENDING,theoretical construct; name arrives with the Methods pass (v1 interpretive name suppressed)
century_factors,F03,reflective_factor,Factor: v2psorgs / v2psprbrch,Factor: v2psorgs / v2psprbrch,FACTOR_PENDING,theoretical construct; name arrives with the Methods pass (v1 interpretive name suppressed)
century_factors,F04,reflective_factor,Factor: v2jupurge / v2jupack,Factor: v2jupurge / v2jupack,FACTOR_PENDING,theoretical construct; name arrives with the Methods pass (v1 interpretive name suppressed)
century_factors,F05,reflective_factor,Factor: v2exl_legitideol / v2exl_legitlead / v2caautmob,Factor: v2exl_legitideol / v2exl_legitlead / v2caautmob,FACTOR_PENDING,theoretical construct; name arrives with the Methods pass (v1 interpretive name suppressed)
century_factors,F06,reflective_factor,Factor: v2cafexch / v2cafres / v2casurv,Factor: v2cafexch / v2cafres / v2casurv,FACTOR_PENDING,theoretical construct; name arrives with the Methods pass (v1 interpretive name suppressed)
century_factors,F07,reflective_factor,Factor: v2exthftps / v2exbribe / v2excrptps,Factor: v2exthftps / v2exbribe / v2excrptps,FACTOR_PENDING,theoretical construct; name arrives with the Methods pass (v1 interpretive name suppressed)
century_factors,F08,reflective_factor,Factor: v2peasbgen / v2peasbsoc / v2peasjgen,Factor: v2peasbgen / v2peasbsoc / v2peasjgen,FACTOR_PENDING,theoretical construct; name arrives with the Methods pass (v1 interpretive name suppressed)
century_factors,C_v2casoe,formative_composite,Composite: v2casoe (alr-mean),State of emergency (composite),CODEBOOK,"composite of the V-Dem item named; V-Dem Codebook v15 TOC, verified 2026-10-03"
century_factors,C_v2csstruc,formative_composite,Composite: v2csstruc (alr-mean),CSO structure (composite),CODEBOOK,"composite of the V-Dem item named; V-Dem Codebook v15 TOC, verified 2026-10-03"
century_factors,v2cacamps,singleton,v2cacamps,Political polarization,CODEBOOK,"V-Dem Codebook v15 TOC, verified 2026-10-03"
century_factors,v2caconmob,singleton,v2caconmob,Mass mobilization concentration,CODEBOOK,"V-Dem Codebook v15 TOC, verified 2026-10-03"
century_factors,v2cademmob,singleton,v2cademmob,Mobilization for democracy,CODEBOOK,"V-Dem Codebook v15 TOC, verified 2026-10-03"
century_factors,v2cagenmob,singleton,v2cagenmob,Mass mobilization,CODEBOOK,"V-Dem Codebook v15 TOC, verified 2026-10-03"
century_factors,v2caviol,singleton,v2caviol,Political violence,CODEBOOK,"V-Dem Codebook v15 TOC, verified 2026-10-03"
century_factors,v2clstown,singleton,v2clstown,State ownership of economy,CODEBOOK,"V-Dem Codebook v15 TOC, verified 2026-10-03"
century_factors,v2csantimv,singleton,v2csantimv,CSO anti-system movements,CODEBOOK,"V-Dem Codebook v15 TOC, verified 2026-10-03"
century_factors,v2ddyrall,singleton,v2ddyrall,Number of popular votes this year,CODEBOOK,"V-Dem Codebook v15 TOC, verified 2026-10-03"
century_factors,v2eldonate,singleton,v2eldonate,Disclosure of campaign donations,CODEBOOK,"V-Dem Codebook v15 TOC, verified 2026-10-03"
century_factors,v2elffelrbin,singleton,v2elffelrbin,Subnational elections held,CODEBOOK,"V-Dem Codebook v15 TOC, verified 2026-10-03"
century_factors,v2elpubfin,singleton,v2elpubfin,Public campaign finance,CODEBOOK,"V-Dem Codebook v15 TOC, verified 2026-10-03"
century_factors,v2elsnlsff,singleton,v2elsnlsff,Subnational election unevenness,CODEBOOK,"V-Dem Codebook v15 TOC, verified 2026-10-03"
century_factors,v2exagehos,singleton,v2exagehos,Age of head of state,CODEBOOK,"V-Dem Codebook v15 TOC, verified 2026-10-03"
century_factors,v2exl_legitperf,singleton,v2exl_legitperf,Legitimation: performance,CODEBOOK,"V-Dem Codebook v15 TOC, verified 2026-10-03"
century_factors,v2exl_legitratio,singleton,v2exl_legitratio,Legitimation: rational-legal,CODEBOOK,"V-Dem Codebook v15 TOC, verified 2026-10-03"
century_factors,v2juaccnt,singleton,v2juaccnt,Judicial accountability,CODEBOOK,"V-Dem Codebook v15 TOC, verified 2026-10-03"
century_factors,v2jupoatck,singleton,v2jupoatck,Government attacks on the judiciary,CODEBOOK,"V-Dem Codebook v15 TOC, verified 2026-10-03"
century_factors,v2jureform,singleton,v2jureform,Judicial reform,CODEBOOK,"V-Dem Codebook v15 TOC, verified 2026-10-03"
century_factors,v2jureview,singleton,v2jureview,Judicial review,CODEBOOK,"V-Dem Codebook v15 TOC, verified 2026-10-03"
century_factors,v2mecorrpt,singleton,v2mecorrpt,Media corrupt,CODEBOOK,"V-Dem Codebook v15 TOC, verified 2026-10-03"
century_factors,v2mefemjrn,singleton,v2mefemjrn,Female journalists,CODEBOOK,"V-Dem Codebook v15 TOC, verified 2026-10-03"
century_factors,v2pscohesv,singleton,v2pscohesv,Legislative party cohesion,CODEBOOK,"V-Dem Codebook v15 TOC, verified 2026-10-03"
century_factors,v2pscomprg,singleton,v2pscomprg,Party competition across regions,CODEBOOK,"V-Dem Codebook v15 TOC, verified 2026-10-03"
century_factors,v2psnatpar,singleton,v2psnatpar,National party control,CODEBOOK,"V-Dem Codebook v15 TOC, verified 2026-10-03"
century_factors,v2psplats,singleton,v2psplats,Distinct party platforms,CODEBOOK,"V-Dem Codebook v15 TOC, verified 2026-10-03"
century_factors,v2psprlnks,singleton,v2psprlnks,Party linkages,CODEBOOK,"V-Dem Codebook v15 TOC, verified 2026-10-03"
century_factors,v2pssunpar,singleton,v2pssunpar,Subnational party control,CODEBOOK,"V-Dem Codebook v15 TOC, verified 2026-10-03"
century_factors,v2stfisccap,singleton,v2stfisccap,State fiscal source of revenue,CODEBOOK,"V-Dem Codebook v15 TOC, verified 2026-10-03 (corrected from v1)"
century_factors,v2strenadm,singleton,v2strenadm,Bureaucratic remuneration,CODEBOOK,"V-Dem Codebook v15 TOC, verified 2026-10-03"
century_factors,v2strenarm,singleton,v2strenarm,Remuneration in the armed forces,CODEBOOK,"V-Dem Codebook v15 TOC, verified 2026-10-03"
century_factors,v2svdomaut,singleton,v2svdomaut,Domestic autonomy,CODEBOOK,"V-Dem Codebook v15 TOC, verified 2026-10-03"
century_factors,v2svinlaut,singleton,v2svinlaut,International autonomy,CODEBOOK,"V-Dem Codebook v15 TOC, verified 2026-10-03"
century_factors,v2svstterr,singleton,v2svstterr,State authority over territory,CODEBOOK,"V-Dem Codebook v15 TOC, verified 2026-10-03"
century_factors,v2x_cspart,singleton,v2x_cspart,Civil society participation index,CODEBOOK,"V-Dem Codebook v15 TOC, verified 2026-10-03"
century_factors,v2x_elecoff,singleton,v2x_elecoff,Elected officials index,CODEBOOK,"V-Dem Codebook v15 TOC, verified 2026-10-03"
century_factors,v2x_frassoc_thick,singleton,v2x_frassoc_thick,Freedom of association thick index,CODEBOOK,"V-Dem Codebook v15 TOC, verified 2026-10-03"
century_factors,v2x_freexp_altinf,singleton,v2x_freexp_altinf,Freedom of expression and alternative sources of information index,CODEBOOK,"V-Dem Codebook v15 TOC, verified 2026-10-03"
century_factors,v2x_jucon,singleton,v2x_jucon,Judicial constraints on the executive index,CODEBOOK,"V-Dem Codebook v15 TOC, verified 2026-10-03"
century_factors,v2x_suffr,singleton,v2x_suffr,Share of population with suffrage,CODEBOOK,"V-Dem Codebook v15 TOC, verified 2026-10-03"
century_factors,v2xcl_rol,singleton,v2xcl_rol,Equality before the law and individual liberty index,CODEBOOK,"V-Dem Codebook v15 TOC, verified 2026-10-03"
century_factors,v2xdd_dd,singleton,v2xdd_dd,Direct popular vote index,CODEBOOK,"V-Dem Codebook v15 TOC, verified 2026-10-03"
century_factors,v2xdl_delib,singleton,v2xdl_delib,Deliberative component index,CODEBOOK,"V-Dem Codebook v15 TOC, verified 2026-10-03"
century_factors,v2xeg_eqaccess,singleton,v2xeg_eqaccess,Equal access index,CODEBOOK,"V-Dem Codebook v15 TOC, verified 2026-10-03"
century_factors,v2xeg_eqdr,singleton,v2xeg_eqdr,Equal distribution of resources index,CODEBOOK,"V-Dem Codebook v15 TOC, verified 2026-10-03"
century_factors,v2xeg_eqprotec,singleton,v2xeg_eqprotec,Equal protection index,CODEBOOK,"V-Dem Codebook v15 TOC, verified 2026-10-03"
century_factors,v2xel_frefair,singleton,v2xel_frefair,Clean elections index,CODEBOOK,"V-Dem Codebook v15 TOC, verified 2026-10-03"
century_factors,v2xel_locelec,singleton,v2xel_locelec,Local government index,CODEBOOK,"V-Dem Codebook v15 TOC, verified 2026-10-03"
century_factors,v2xel_regelec,singleton,v2xel_regelec,Regional government index,CODEBOOK,"V-Dem Codebook v15 TOC, verified 2026-10-03 (corrected from v1)"
century_factors,v2xlg_legcon,singleton,v2xlg_legcon,Legislative constraints on the executive index,CODEBOOK,"V-Dem Codebook v15 TOC, verified 2026-10-03"
modern_factors,v2x_polyarchy,protected_observed,Electoral democracy (ERT; computed where ERT missing),Electoral democracy (polyarchy),CODEBOOK,"V-Dem Codebook v15 TOC, verified 2026-10-03"
modern_factors,F01,reflective_factor,Factor: v2caassemb / v2clpolcl / v2csrlgrep,Factor: v2caassemb / v2clpolcl / v2csrlgrep,FACTOR_PENDING,theoretical construct; name arrives with the Methods pass (v1 interpretive name suppressed)
modern_factors,F02,reflective_factor,Factor: v2capolit / v2canonpol / v2catrauni,Factor: v2capolit / v2canonpol / v2catrauni,FACTOR_PENDING,theoretical construct; name arrives with the Methods pass (v1 interpretive name suppressed)
modern_factors,F03,reflective_factor,Factor: v2psorgs / v2psprbrch,Factor: v2psorgs / v2psprbrch,FACTOR_PENDING,theoretical construct; name arrives with the Methods pass (v1 interpretive name suppressed)
modern_factors,F04,reflective_factor,Factor: v2jupurge / v2jupack,Factor: v2jupurge / v2jupack,FACTOR_PENDING,theoretical construct; name arrives with the Methods pass (v1 interpretive name suppressed)
modern_factors,F05,reflective_factor,Factor: v2exl_legitideol / v2exl_legitlead / v2caautmob,Factor: v2exl_legitideol / v2exl_legitlead / v2caautmob,FACTOR_PENDING,theoretical construct; name arrives with the Methods pass (v1 interpretive name suppressed)
modern_factors,F06,reflective_factor,Factor: v2cafres / v2cafexch / v2casurv,Factor: v2cafres / v2cafexch / v2casurv,FACTOR_PENDING,theoretical construct; name arrives with the Methods pass (v1 interpretive name suppressed)
modern_factors,F07,reflective_factor,Factor: v2exthftps / v2exbribe / v2excrptps,Factor: v2exthftps / v2exbribe / v2excrptps,FACTOR_PENDING,theoretical construct; name arrives with the Methods pass (v1 interpretive name suppressed)
modern_factors,F08,reflective_factor,Factor: v2peasbgen / v2peapspol / v2peasjsoc,Factor: v2peasbgen / v2peapspol / v2peasjsoc,FACTOR_PENDING,theoretical construct; name arrives with the Methods pass (v1 interpretive name suppressed)
modern_factors,F09,reflective_factor,"Factor: GDP pc, current US$ / GDP per capita (Maddison) / GDP pc, const 2015 US$","Factor: GDP pc, current US$ / GDP per capita (Maddison) / GDP pc, const 2015 US$",FACTOR_PENDING,theoretical construct; name arrives with the Methods pass (v1 interpretive name suppressed)
modern_factors,F10,reflective_factor,Factor: GDP pc growth / GDP growth,Factor: GDP pc growth / GDP growth,FACTOR_PENDING,theoretical construct; name arrives with the Methods pass (v1 interpretive name suppressed)
modern_factors,F11,reflective_factor,Factor: Population growth (WPP) / Population growth,Factor: Population growth (WPP) / Population growth,FACTOR_PENDING,theoretical construct; name arrives with the Methods pass (v1 interpretive name suppressed)
modern_factors,F12,reflective_factor,Factor: Informational globalization (de jure) / Interpersonal globalization (de jure) / Interpersonal globalization (de facto),Factor: Informational globalization (de jure) / Interpersonal globalization (de jure) / Interpersonal globalization (de facto),FACTOR_PENDING,theoretical construct; name arrives with the Methods pass (v1 interpretive name suppressed)
modern_factors,F13,reflective_factor,Factor: Financial globalization (de facto) / Trade globalization (de jure) / Financial globalization (de jure),Factor: Financial globalization (de facto) / Trade globalization (de jure) / Financial globalization (de jure),FACTOR_PENDING,theoretical construct; name arrives with the Methods pass (v1 interpretive name suppressed)
modern_factors,F14,reflective_factor,Factor: Political globalization (de jure) / Political globalization (de facto),Factor: Political globalization (de jure) / Political globalization (de facto),FACTOR_PENDING,theoretical construct; name arrives with the Methods pass (v1 interpretive name suppressed)
modern_factors,F15,reflective_factor,Factor: Net migration rate / Net migrants,Factor: Net migration rate / Net migrants,FACTOR_PENDING,theoretical construct; name arrives with the Methods pass (v1 interpretive name suppressed)
modern_factors,F16,reflective_factor,Factor: Infant mortality rate (WPP) / Under-5 mortality rate (WPP),Factor: Infant mortality rate (WPP) / Under-5 mortality rate (WPP),FACTOR_PENDING,theoretical construct; name arrives with the Methods pass (v1 interpretive name suppressed)
modern_factors,C_v2casoe,formative_composite,Composite: v2casoe (alr-mean),State of emergency (composite),CODEBOOK,"composite of the V-Dem item named; V-Dem Codebook v15 TOC, verified 2026-10-03"
modern_factors,C_v2csstruc,formative_composite,Composite: v2csstruc (alr-mean),CSO structure (composite),CODEBOOK,"composite of the V-Dem item named; V-Dem Codebook v15 TOC, verified 2026-10-03"
modern_factors,m_pop,singleton,Population (Maddison),Population (Maddison),KEEP,bundle label already readable (KOF / World Bank / UN WPP source name)
modern_factors,v2cacamps,singleton,v2cacamps,Political polarization,CODEBOOK,"V-Dem Codebook v15 TOC, verified 2026-10-03"
modern_factors,v2caconmob,singleton,v2caconmob,Mass mobilization concentration,CODEBOOK,"V-Dem Codebook v15 TOC, verified 2026-10-03"
modern_factors,v2cademmob,singleton,v2cademmob,Mobilization for democracy,CODEBOOK,"V-Dem Codebook v15 TOC, verified 2026-10-03"
modern_factors,v2cagenmob,singleton,v2cagenmob,Mass mobilization,CODEBOOK,"V-Dem Codebook v15 TOC, verified 2026-10-03"
modern_factors,v2caviol,singleton,v2caviol,Political violence,CODEBOOK,"V-Dem Codebook v15 TOC, verified 2026-10-03"
modern_factors,v2clstown,singleton,v2clstown,State ownership of economy,CODEBOOK,"V-Dem Codebook v15 TOC, verified 2026-10-03"
modern_factors,v2csantimv,singleton,v2csantimv,CSO anti-system movements,CODEBOOK,"V-Dem Codebook v15 TOC, verified 2026-10-03"
modern_factors,v2ddyrall,singleton,v2ddyrall,Number of popular votes this year,CODEBOOK,"V-Dem Codebook v15 TOC, verified 2026-10-03"
modern_factors,v2eldonate,singleton,v2eldonate,Disclosure of campaign donations,CODEBOOK,"V-Dem Codebook v15 TOC, verified 2026-10-03"
modern_factors,v2elffelrbin,singleton,v2elffelrbin,Subnational elections held,CODEBOOK,"V-Dem Codebook v15 TOC, verified 2026-10-03"
modern_factors,v2elpubfin,singleton,v2elpubfin,Public campaign finance,CODEBOOK,"V-Dem Codebook v15 TOC, verified 2026-10-03"
modern_factors,v2elsnlsff,singleton,v2elsnlsff,Subnational election unevenness,CODEBOOK,"V-Dem Codebook v15 TOC, verified 2026-10-03"
modern_factors,v2exagehos,singleton,v2exagehos,Age of head of state,CODEBOOK,"V-Dem Codebook v15 TOC, verified 2026-10-03"
modern_factors,v2exl_legitperf,singleton,v2exl_legitperf,Legitimation: performance,CODEBOOK,"V-Dem Codebook v15 TOC, verified 2026-10-03"
modern_factors,v2exl_legitratio,singleton,v2exl_legitratio,Legitimation: rational-legal,CODEBOOK,"V-Dem Codebook v15 TOC, verified 2026-10-03"
modern_factors,v2juaccnt,singleton,v2juaccnt,Judicial accountability,CODEBOOK,"V-Dem Codebook v15 TOC, verified 2026-10-03"
modern_factors,v2jupoatck,singleton,v2jupoatck,Government attacks on the judiciary,CODEBOOK,"V-Dem Codebook v15 TOC, verified 2026-10-03"
modern_factors,v2jureform,singleton,v2jureform,Judicial reform,CODEBOOK,"V-Dem Codebook v15 TOC, verified 2026-10-03"
modern_factors,v2jureview,singleton,v2jureview,Judicial review,CODEBOOK,"V-Dem Codebook v15 TOC, verified 2026-10-03"
modern_factors,v2mecorrpt,singleton,v2mecorrpt,Media corrupt,CODEBOOK,"V-Dem Codebook v15 TOC, verified 2026-10-03"
modern_factors,v2mefemjrn,singleton,v2mefemjrn,Female journalists,CODEBOOK,"V-Dem Codebook v15 TOC, verified 2026-10-03"
modern_factors,v2pscohesv,singleton,v2pscohesv,Legislative party cohesion,CODEBOOK,"V-Dem Codebook v15 TOC, verified 2026-10-03"
modern_factors,v2pscomprg,singleton,v2pscomprg,Party competition across regions,CODEBOOK,"V-Dem Codebook v15 TOC, verified 2026-10-03"
modern_factors,v2psnatpar,singleton,v2psnatpar,National party control,CODEBOOK,"V-Dem Codebook v15 TOC, verified 2026-10-03"
modern_factors,v2psplats,singleton,v2psplats,Distinct party platforms,CODEBOOK,"V-Dem Codebook v15 TOC, verified 2026-10-03"
modern_factors,v2psprlnks,singleton,v2psprlnks,Party linkages,CODEBOOK,"V-Dem Codebook v15 TOC, verified 2026-10-03"
modern_factors,v2pssunpar,singleton,v2pssunpar,Subnational party control,CODEBOOK,"V-Dem Codebook v15 TOC, verified 2026-10-03"
modern_factors,v2stfisccap,singleton,v2stfisccap,State fiscal source of revenue,CODEBOOK,"V-Dem Codebook v15 TOC, verified 2026-10-03 (corrected from v1)"
modern_factors,v2strenadm,singleton,v2strenadm,Bureaucratic remuneration,CODEBOOK,"V-Dem Codebook v15 TOC, verified 2026-10-03"
modern_factors,v2strenarm,singleton,v2strenarm,Remuneration in the armed forces,CODEBOOK,"V-Dem Codebook v15 TOC, verified 2026-10-03"
modern_factors,v2svdomaut,singleton,v2svdomaut,Domestic autonomy,CODEBOOK,"V-Dem Codebook v15 TOC, verified 2026-10-03"
modern_factors,v2svinlaut,singleton,v2svinlaut,International autonomy,CODEBOOK,"V-Dem Codebook v15 TOC, verified 2026-10-03"
modern_factors,v2svstterr,singleton,v2svstterr,State authority over territory,CODEBOOK,"V-Dem Codebook v15 TOC, verified 2026-10-03"
modern_factors,v2x_cspart,singleton,v2x_cspart,Civil society participation index,CODEBOOK,"V-Dem Codebook v15 TOC, verified 2026-10-03"
modern_factors,v2x_elecoff,singleton,v2x_elecoff,Elected officials index,CODEBOOK,"V-Dem Codebook v15 TOC, verified 2026-10-03"
modern_factors,v2x_frassoc_thick,singleton,v2x_frassoc_thick,Freedom of association thick index,CODEBOOK,"V-Dem Codebook v15 TOC, verified 2026-10-03"
modern_factors,v2x_freexp_altinf,singleton,v2x_freexp_altinf,Freedom of expression and alternative sources of information index,CODEBOOK,"V-Dem Codebook v15 TOC, verified 2026-10-03"
modern_factors,v2x_jucon,singleton,v2x_jucon,Judicial constraints on the executive index,CODEBOOK,"V-Dem Codebook v15 TOC, verified 2026-10-03"
modern_factors,v2x_suffr,singleton,v2x_suffr,Share of population with suffrage,CODEBOOK,"V-Dem Codebook v15 TOC, verified 2026-10-03"
modern_factors,v2xcl_rol,singleton,v2xcl_rol,Equality before the law and individual liberty index,CODEBOOK,"V-Dem Codebook v15 TOC, verified 2026-10-03"
modern_factors,v2xdd_dd,singleton,v2xdd_dd,Direct popular vote index,CODEBOOK,"V-Dem Codebook v15 TOC, verified 2026-10-03"
modern_factors,v2xdl_delib,singleton,v2xdl_delib,Deliberative component index,CODEBOOK,"V-Dem Codebook v15 TOC, verified 2026-10-03"
modern_factors,v2xeg_eqaccess,singleton,v2xeg_eqaccess,Equal access index,CODEBOOK,"V-Dem Codebook v15 TOC, verified 2026-10-03"
modern_factors,v2xeg_eqdr,singleton,v2xeg_eqdr,Equal distribution of resources index,CODEBOOK,"V-Dem Codebook v15 TOC, verified 2026-10-03"
modern_factors,v2xeg_eqprotec,singleton,v2xeg_eqprotec,Equal protection index,CODEBOOK,"V-Dem Codebook v15 TOC, verified 2026-10-03"
modern_factors,v2xel_frefair,singleton,v2xel_frefair,Clean elections index,CODEBOOK,"V-Dem Codebook v15 TOC, verified 2026-10-03"
modern_factors,v2xel_locelec,singleton,v2xel_locelec,Local government index,CODEBOOK,"V-Dem Codebook v15 TOC, verified 2026-10-03"
modern_factors,v2xel_regelec,singleton,v2xel_regelec,Regional government index,CODEBOOK,"V-Dem Codebook v15 TOC, verified 2026-10-03 (corrected from v1)"
modern_factors,v2xlg_legcon,singleton,v2xlg_legcon,Legislative constraints on the executive index,CODEBOOK,"V-Dem Codebook v15 TOC, verified 2026-10-03"
modern_factors,wb_agri_land_share,singleton,Agricultural land share,Agricultural land share,KEEP,bundle label already readable (KOF / World Bank / UN WPP source name)
modern_factors,wb_gni_curr,singleton,"GNI, current US$","GNI, current US$",KEEP,bundle label already readable (KOF / World Bank / UN WPP source name)
modern_factors,wb_land_area,singleton,Land area,Land area,KEEP,bundle label already readable (KOF / World Bank / UN WPP source name)
modern_factors,wb_life_expectancy,singleton,Life expectancy,Life expectancy,KEEP,bundle label already readable (KOF / World Bank / UN WPP source name)
modern_factors,wb_oil_rents_gdp,singleton,Oil rents (% GDP),Oil rents (% GDP),KEEP,bundle label already readable (KOF / World Bank / UN WPP source name)
modern_factors,wb_pop_density,singleton,Population density,Population density,KEEP,bundle label already readable (KOF / World Bank / UN WPP source name)
modern_factors,wb_rural_pop_growth,singleton,Rural population growth,Rural population growth,KEEP,bundle label already readable (KOF / World Bank / UN WPP source name)
modern_factors,wb_urban_pop_growth,singleton,Urban population growth,Urban population growth,KEEP,bundle label already readable (KOF / World Bank / UN WPP source name)
modern_factors,wb_urban_pop_share,singleton,Urban population share,Urban population share,KEEP,bundle label already readable (KOF / World Bank / UN WPP source name)
modern_factors,wpp_infant_deaths,singleton,Infant deaths (WPP),Infant deaths (WPP),KEEP,bundle label already readable (KOF / World Bank / UN WPP source name)
modern_factors,wpp_live_births_surviving_age1,singleton,Live births surviving to age 1 (WPP),Live births surviving to age 1 (WPP),KEEP,bundle label already readable (KOF / World Bank / UN WPP source name)
modern_factors,wpp_median_age_jul,singleton,Median age,Median age,KEEP,bundle label already readable (KOF / World Bank / UN WPP source name)
modern_factors,wpp_sex_ratio_jul,singleton,Sex ratio,Sex ratio,KEEP,bundle label already readable (KOF / World Bank / UN WPP source name)
